{"loss": [1.0014381408691406, 0.9611206650733948, 0.9478397965431213, 0.942438542842865, 0.9380548596382141, 0.9331679940223694, 0.928821325302124, 0.9255850911140442, 0.922803521156311, 0.9211058616638184, 0.9198448657989502, 0.9199844002723694, 0.9165670871734619, 0.9145893454551697, 0.9137653112411499, 0.914608359336853, 0.9117666482925415, 0.912408709526062, 0.910529613494873, 0.9094447493553162, 0.9084915518760681, 0.9081875681877136, 0.9090287089347839, 0.9083254933357239, 0.9073776006698608, 0.907949686050415, 0.9091309309005737, 0.9070587158203125, 0.9052441716194153, 0.9046866297721863, 0.9051860570907593, 0.9045772552490234, 0.9032955169677734, 0.9023275375366211, 0.9029958844184875, 0.9035530090332031, 0.9005159139633179, 0.8998245000839233, 0.8989670276641846, 0.8987610936164856, 0.8994467854499817, 0.8971787095069885, 0.8978786468505859, 0.8979107737541199, 0.8955130577087402, 0.8952430486679077, 0.9013929963111877, 0.8988177180290222, 0.8940282464027405, 0.8970746397972107, 0.8935048580169678, 0.8930613994598389, 0.8934552669525146, 0.892336905002594, 0.8904247283935547, 0.8894296884536743, 0.8892626166343689, 0.8920318484306335, 0.8908144235610962, 0.8896640539169312, 0.8917120695114136, 0.8890343308448792, 0.8868265151977539, 0.8859280943870544, 0.8850465416908264, 0.8845778107643127, 0.8843996524810791, 0.8855833411216736, 0.8835350275039673, 0.8820651173591614, 0.8817747235298157, 0.8816403150558472, 0.8805412650108337, 0.8805863857269287, 0.8800009489059448, 0.8814284801483154, 0.8825017213821411, 0.8833790421485901, 0.8840933442115784, 0.8909251689910889, 0.8867595791816711, 0.8839144706726074, 0.8817404508590698, 0.8811918497085571, 0.8808120489120483, 0.8805887699127197, 0.8815382719039917, 0.8804417252540588, 0.8777427077293396, 0.8779611587524414, 0.8794170022010803, 0.8791003823280334, 0.8778262138366699, 0.8780943751335144, 0.8768297433853149, 0.8762378692626953, 0.8755006194114685, 0.8750478029251099, 0.8751760721206665, 0.8764762878417969], "accuracy": [0.4770984947681427, 0.7007396817207336, 0.742340087890625, 0.758384644985199, 0.7724514007568359, 0.7869731187820435, 0.8013818860054016, 0.8098578453063965, 0.8174067139625549, 0.8220281004905701, 0.8240097165107727, 0.8238131999969482, 0.8306426405906677, 0.8344222903251648, 0.8353632688522339, 0.8333420157432556, 0.8393480777740479, 0.8385350108146667, 0.842079222202301, 0.8447753190994263, 0.8471015095710754, 0.8478255867958069, 0.8457144498825073, 0.8469116687774658, 0.8489961624145508, 0.8486707210540771, 0.8442468047142029, 0.8485859632492065, 0.8525251150131226, 0.8518052101135254, 0.8512364625930786, 0.8534479141235352, 0.8544509410858154, 0.8579097986221313, 0.8549613952636719, 0.8537768125534058, 0.8595926761627197, 0.8605491518974304, 0.8636175990104675, 0.8608678579330444, 0.8621780276298523, 0.8669291138648987, 0.866411030292511, 0.8650637865066528, 0.8694213628768921, 0.8701913952827454, 0.856601893901825, 0.8627855181694031, 0.8717052936553955, 0.8684691786766052, 0.8732865452766418, 0.8745067119598389, 0.874923825263977, 0.8755918145179749, 0.8810774683952332, 0.8823584318161011, 0.8837346434593201, 0.8777812123298645, 0.8792448043823242, 0.8810165524482727, 0.879761815071106, 0.8838107585906982, 0.8872734308242798, 0.8889667391777039, 0.8912628293037415, 0.8930203914642334, 0.8943322896957397, 0.890899658203125, 0.8962265253067017, 0.8992087841033936, 0.9001205563545227, 0.9007513523101807, 0.9037846326828003, 0.9040365815162659, 0.9047815203666687, 0.9013417363166809, 0.8996803760528564, 0.8969423174858093, 0.8949198126792908, 0.8820988535881042, 0.8887040019035339, 0.8950607180595398, 0.8998585939407349, 0.9018002152442932, 0.9038131833076477, 0.9030629396438599, 0.902971088886261, 0.9040562510490417, 0.9107014536857605, 0.9103472828865051, 0.9068707823753357, 0.9074521660804749, 0.9108164310455322, 0.9102974534034729, 0.9132609367370605, 0.9145278930664062, 0.916711688041687, 0.9182202219963074, 0.9178231954574585, 0.915141761302948], "jacard_coef": [0.24115251004695892, 0.44464850425720215, 0.5086095333099365, 0.5334643721580505, 0.5558640360832214, 0.5779702663421631, 0.600074052810669, 0.6139037609100342, 0.6246769428253174, 0.6328401565551758, 0.6377113461494446, 0.6372098326683044, 0.6510310173034668, 0.6590287089347839, 0.6621134281158447, 0.6591519713401794, 0.6711915731430054, 0.6700496077537537, 0.6770926117897034, 0.6827812790870667, 0.6874698996543884, 0.6892227530479431, 0.6842072010040283, 0.6874568462371826, 0.6916871666908264, 0.6909211277961731, 0.6839826107025146, 0.6913936138153076, 0.6988388299942017, 0.6973890066146851, 0.6965919733047485, 0.699151337146759, 0.702171802520752, 0.707737386226654, 0.7016366720199585, 0.7012761831283569, 0.7103857398033142, 0.7129765152931213, 0.7166613936424255, 0.7138617038726807, 0.7148367762565613, 0.7234448194503784, 0.7227779626846313, 0.7210773825645447, 0.7275935411453247, 0.7301661968231201, 0.7046642899513245, 0.7156198024749756, 0.7332325577735901, 0.7259973287582397, 0.7354462742805481, 0.7379474639892578, 0.7386834621429443, 0.7399997711181641, 0.7486929893493652, 0.7522711753845215, 0.7542046904563904, 0.74424147605896, 0.7462178468704224, 0.7500988245010376, 0.7482178211212158, 0.7552635073661804, 0.7617382407188416, 0.7644544243812561, 0.768760085105896, 0.771984338760376, 0.7741068005561829, 0.7681501507759094, 0.777664065361023, 0.7834062576293945, 0.785527229309082, 0.7859503030776978, 0.7918481826782227, 0.7930656671524048, 0.7937156558036804, 0.7874923348426819, 0.7841453552246094, 0.7791337966918945, 0.7754279375076294, 0.7519659399986267, 0.7637375593185425, 0.7758289575576782, 0.7849963307380676, 0.7886761426925659, 0.7916861772537231, 0.7906345725059509, 0.7908656597137451, 0.7925931215286255, 0.8056402206420898, 0.8048191070556641, 0.7987405061721802, 0.7990472912788391, 0.8062432408332825, 0.8049980998039246, 0.810809314250946, 0.8130152821540833, 0.8175150156021118, 0.8202791213989258, 0.8197792172431946, 0.8139939308166504],